City_ID,City,Lat,Lng,Max Temp,Humidity,Cloudiness,Wind Speed,Country,Date
0,rikitea,-23.1203,-134.9692,25.21,80,100,6.5,PF,1677991983
1,hambantota,6.1241,81.1185,27.19,83,75,6.17,LK,1677991984
2,puerto carreno,6.189,-67.4859,27.37,58,77,3.27,CO,1677991986
3,carnarvon,-24.8667,113.6333,30.22,48,0,8.21,AU,1677991987
4,suleja,9.1758,7.1808,24.55,74,58,1.12,NG,1677991989
5,mahebourg,-20.4081,57.7,25.14,100,75,0.0,MU,1677991990
6,hilo,19.7297,-155.09,24.04,89,0,2.06,US,1677991991
7,terrace bay,48.7834,-87.1,-2.44,90,100,1.05,CA,1677991993
8,dikson,73.5069,80.5464,-25.34,91,100,2.92,RU,1677991398
9,le moule,16.3332,-61.3473,23.02,100,11,7.19,GP,1677991995
10,albany,42.6001,-73.9662,0.93,86,97,5.81,US,1677991961
11,tasiilaq,65.6145,-37.6368,1.09,81,19,4.81,GL,1677991998
12,meiganga,6.5167,14.3,21.19,45,10,0.86,CM,1677991999
13,nishihara,26.1842,127.7558,21.03,46,40,7.72,JP,1677991644
14,lavrentiya,65.5833,-171.0,-0.66,97,100,11.06,RU,1677992002
15,hithadhoo,-0.6,73.0833,27.79,71,7,1.61,MV,1677992003
16,georgetown,5.4112,100.3354,31.97,51,20,5.66,MY,1677991868
17,souillac,-20.5167,57.5167,24.21,100,75,0.0,MU,1677992006
18,talnakh,69.4865,88.3972,-27.11,95,100,3.21,RU,1677991144
19,punta arenas,-53.15,-70.9167,2.06,87,0,1.54,CL,1677991962
20,isangel,-19.55,169.2667,27.08,82,45,4.99,VU,1677991454
21,torbay,47.6666,-52.7314,-8.57,77,0,7.2,CA,1677992012
22,aksu,41.1231,80.2644,11.26,28,100,1.17,CN,1677992013
23,pevek,69.7008,170.3133,-29.6,92,100,1.16,RU,1677992015
24,vao,-22.6667,167.4833,24.6,72,64,8.34,NC,1677991584
25,new norfolk,-42.7826,147.0587,29.38,23,94,2.68,AU,1677992017
26,atuona,-9.8,-139.0333,26.85,78,6,5.13,PF,1677992019
27,ushuaia,-54.8,-68.3,2.81,81,0,3.6,AR,1677992020
28,chokurdakh,70.6333,147.9167,-35.17,94,18,1.86,RU,1677991446
29,mehamn,71.0357,27.8492,-4.05,63,100,6.69,NO,1677992023
30,puerto ayora,-0.7393,-90.3518,26.42,88,92,1.34,EC,1677992024
31,qaanaaq,77.484,-69.3632,-9.37,50,78,4.45,GL,1677992025
32,jamestown,42.097,-79.2353,-0.23,100,75,2.06,US,1677991934
33,butaritari,3.0707,172.7902,27.32,76,77,1.8,KI,1677992029
34,hermanus,-34.4187,19.2345,18.22,91,100,3.34,ZA,1677992031
35,okha,53.5739,142.9478,-0.16,86,100,6.77,RU,1677991497
36,anadyr,64.75,177.4833,-16.72,84,40,11.0,RU,1677992033
37,saint george,37.1041,-113.5841,11.33,40,20,4.12,US,1677991833
38,barrow,71.2906,-156.7887,-28.99,69,40,10.29,US,1677992036
39,leh,34.1667,77.5833,-8.24,83,96,1.19,IN,1677991457
40,saint-philippe,-21.3585,55.7679,26.77,85,100,3.19,RE,1677992038
41,nuuk,64.1835,-51.7216,-0.64,85,98,4.6,GL,1677991518
42,takaka,-40.85,172.8,16.42,88,77,2.4,NZ,1677992042
43,santa barbara,34.7333,-120.0343,6.57,84,77,0.55,US,1677991952
44,marrakesh,31.6315,-8.0083,12.04,87,0,2.06,MA,1677992045
45,busselton,-33.65,115.3333,23.5,41,18,3.56,AU,1677992046
46,molina,-35.1167,-71.2833,19.85,52,0,2.57,CL,1677992047
47,grindavik,63.8424,-22.4338,4.26,100,75,3.09,IS,1677991760
48,saskylakh,71.9167,114.0833,-24.39,97,99,2.53,RU,1677992051
49,bredasdorp,-34.5322,20.0403,20.05,92,100,1.94,ZA,1677992053
50,roald,62.5833,6.1333,2.09,60,100,4.12,NO,1677992054
51,seoul,37.5683,126.9778,14.66,37,20,2.06,KR,1677992056
52,ilulissat,69.2167,-51.1,-1.99,74,58,5.66,GL,1677992057
53,lorengau,-2.0226,147.2712,28.99,67,89,4.57,PG,1677992058
54,bundaberg,-24.85,152.35,29.56,56,24,2.24,AU,1677992060
55,mataura,-46.1927,168.8643,10.82,55,58,2.75,NZ,1677992061
56,acapulco,16.8634,-99.8901,25.9,78,40,4.12,MX,1677991485
57,nanortalik,60.1432,-45.2371,1.0,85,94,3.72,GL,1677992064
58,diamantino,-14.4086,-56.4461,22.99,85,50,0.36,BR,1677991880
59,kapaa,22.0752,-159.319,24.18,83,20,4.63,US,1677992066
60,tuatapere,-46.1333,167.6833,15.08,55,43,3.92,NZ,1677992068
61,bubaque,11.2833,-15.8333,23.88,67,61,4.51,GW,1677992070
62,warrington,53.3925,-2.5802,3.81,81,100,2.06,GB,1677992072
63,san ramon de la nueva oran,-23.1322,-64.326,25.79,71,100,0.57,AR,1677991839
64,xinmin,41.9908,122.8253,14.38,31,0,10.07,CN,1677992074
65,kodiak,57.79,-152.4072,-0.27,59,0,4.63,US,1677992076
66,chuy,-33.6971,-53.4616,20.34,90,0,1.82,UY,1677992077
67,thompson,55.7435,-97.8558,-10.91,79,100,3.09,CA,1677991496
68,mount gambier,-37.8333,140.7667,26.35,34,57,6.39,AU,1677992080
69,klaksvik,62.2266,-6.589,2.51,71,100,1.68,FO,1677992082
70,bethel,41.3712,-73.414,3.6,86,100,2.06,US,1677992006
71,tual,-5.6667,132.75,27.83,76,100,9.71,ID,1677992085
72,kouvola,60.8667,26.7,-3.82,93,40,2.57,FI,1677991899
73,ribeira grande,38.5167,-28.7,13.21,89,91,4.02,PT,1677992088
74,sumenep,-7.0167,113.8667,28.75,73,96,1.27,ID,1677992089
75,bathsheba,13.2167,-59.5167,25.34,78,40,7.72,BB,1677992090
76,mar del plata,-38.0023,-57.5575,20.05,84,75,3.09,AR,1677992092
77,roma,43.2128,-75.4557,0.53,93,100,3.6,US,1677992093
78,yellowknife,62.456,-114.3525,-24.69,77,75,4.12,CA,1677992094
79,conceicao do araguaia,-8.2578,-49.2647,22.49,97,42,2.2,BR,1677991932
80,san ignacio,17.1561,-89.0714,23.08,94,0,0.0,BZ,1677992098
81,kudahuvadhoo,2.6708,72.8944,27.46,75,54,3.56,MV,1677992100
82,ozernovskiy,51.5,156.5167,-5.71,82,100,1.97,RU,1677992101
83,dangriga,16.9692,-88.2321,25.39,89,12,3.87,BZ,1677992102
84,san cristobal,7.7669,-72.225,25.1,88,40,0.87,VE,1677992104
85,kamenka,51.3223,42.7678,-1.08,89,72,6.74,RU,1677992105
86,turka,49.1541,23.0297,-4.56,91,82,1.0,UA,1677992107
87,provideniya,64.3833,-173.3,-0.29,98,100,5.89,RU,1677992109
88,pisco,-13.7,-76.2167,23.03,78,100,3.09,PE,1677991511
89,barranca,-10.75,-77.7667,22.83,80,100,1.85,PE,1677992112
90,pangnirtung,66.1451,-65.7125,-4.13,75,96,3.91,CA,1677992113
91,hobart,-42.8794,147.3294,29.57,42,0,5.66,AU,1677992115
92,kaniv,49.7518,31.46,-2.6,61,31,6.68,UA,1677992116
93,ko samui,9.5357,99.9357,29.95,66,20,4.12,TH,1677991983
94,kavaratti,10.5669,72.642,28.14,58,1,2.25,IN,1677991682
95,port alfred,-33.5906,26.891,20.1,97,27,0.89,ZA,1677992056
96,nikolskoye,59.7035,30.7861,-1.06,98,99,0.74,RU,1677992122
97,cockburn town,21.4612,-71.1419,25.22,77,15,7.69,TC,1677991712
98,kiili,59.3069,24.8378,-2.06,86,100,3.6,EE,1677992125
99,upernavik,72.7868,-56.1549,-8.7,78,98,1.15,GL,1677992126
100,ahipara,-35.1667,173.1667,20.0,65,1,5.67,NZ,1677992128
101,airai,-8.9266,125.4092,20.73,75,91,2.15,TL,1677992129
102,iqaluit,63.7506,-68.5145,-3.15,79,100,4.63,CA,1677992131
103,zhangye,38.9342,100.4517,10.2,19,32,1.69,CN,1677992132
104,norman wells,65.282,-126.8329,-25.98,70,20,3.09,CA,1677991641
105,nalut,30.3333,10.85,6.6,35,10,2.48,LY,1677992135
106,kondinskoye,59.6481,67.41,-7.72,94,100,3.91,RU,1677992136
107,avarua,-21.2078,-159.775,29.03,79,75,8.23,CK,1677992137
108,vilyuysk,63.7553,121.6247,-10.38,88,100,4.64,RU,1677992139
109,porto novo,6.4965,2.6036,26.9,85,94,2.0,BJ,1677992140
110,east london,-33.0153,27.9116,21.52,94,0,2.57,ZA,1677991929
111,prince rupert,54.3161,-130.3201,4.83,55,0,4.63,CA,1677992143
112,karratha,-20.7377,116.8463,33.43,55,8,6.53,AU,1677992145
113,poshekhonye,58.4993,39.1353,-7.83,96,100,3.22,RU,1677992148
114,severo-kurilsk,50.6789,156.125,-3.4,64,99,8.45,RU,1677992149
115,pochutla,15.7432,-96.4661,23.79,73,5,1.69,MX,1677991740
116,grand-lahou,5.1367,-5.0242,25.84,85,67,1.59,CI,1677992152
117,esperance,-33.8667,121.9,19.79,59,56,6.98,AU,1677992153
118,palmer,42.1584,-72.3287,1.65,93,100,0.0,US,1677992156
119,grand gaube,-20.0064,57.6608,25.21,90,100,0.45,MU,1677992157
120,mayumba,-3.432,10.6554,25.26,88,97,4.02,GA,1677992159
121,zonguldak,41.25,31.8333,6.33,80,100,1.7,TR,1677992160
122,kibakwe,-6.7167,36.3667,18.73,89,100,1.01,TZ,1677992161
123,ponta do sol,32.6667,-17.1,18.34,78,89,2.02,PT,1677992163
124,komsomolskiy,40.4272,71.7189,13.4,47,54,1.03,UZ,1677992164
125,west bay,19.3667,-81.4167,25.0,83,6,0.89,KY,1677992166
126,marsh harbour,26.5412,-77.0636,25.26,74,83,3.38,BS,1677992167
127,riberalta,-10.9833,-66.1,23.03,97,76,1.02,BO,1677992170
128,kaitangata,-46.2817,169.8464,12.62,60,90,2.77,NZ,1677992171
129,broome,42.2506,-75.833,1.5,84,100,3.09,US,1677992173
130,haines junction,60.7522,-137.5108,-16.03,55,75,3.09,CA,1677992174
131,waspan,14.7419,-83.9717,21.11,97,4,1.02,NI,1677992175
132,bluff,-46.6,168.3333,11.0,63,31,6.67,NZ,1677992177
133,gatehouse of fleet,54.882,-4.1843,3.66,73,100,1.83,GB,1677992178
134,luderitz,-26.6481,15.1594,17.41,81,46,1.9,NA,1677992180
135,saumur,47.3333,-0.25,4.06,93,6,2.74,FR,1677992182
136,ulaangom,49.9811,92.0667,-9.83,78,58,1.53,MN,1677992184
137,hovd,48.0056,91.6419,2.56,40,41,1.22,MN,1677992185
138,ushtobe,45.2514,77.9838,10.93,57,100,1.54,KZ,1677992186
139,castro,-24.7911,-50.0119,16.99,98,10,1.81,BR,1677992027
140,sorland,67.667,12.6934,-0.08,70,100,13.98,NO,1677992189
141,lac du bonnet,50.2536,-96.0612,-11.74,99,37,1.43,CA,1677992171
142,chingirlau,51.095,54.0814,-2.04,89,100,5.89,KZ,1677992192
143,mastic beach,40.7668,-72.8521,4.74,82,100,0.0,US,1677992193
144,te anau,-45.4167,167.7167,15.88,46,50,1.37,NZ,1677992194
145,campoverde,-8.4753,-74.8058,22.46,96,96,0.18,PE,1677992196
146,honningsvag,70.9821,25.9704,-5.14,74,100,5.14,NO,1677992197
147,tarko-sale,64.9225,77.785,-22.54,97,94,2.92,RU,1677992072
148,tocopilla,-22.092,-70.1979,21.83,80,74,1.25,CL,1677991913
149,asau,46.4333,26.4,-2.49,88,43,0.5,RO,1677992201
150,ialibu,-6.2821,143.9935,19.04,74,100,2.57,PG,1677992202
151,jiangyin,31.9282,120.3126,21.12,31,20,3.92,CN,1677992204
152,clarksburg,39.2807,-80.3445,4.61,82,0,0.0,US,1677992205
153,kruisfontein,-34.0033,24.7314,19.94,91,100,0.79,ZA,1677992207
154,tuktoyaktuk,69.4541,-133.0374,-35.0,75,0,1.54,CA,1677992208
155,ancud,-41.8697,-73.8203,13.74,90,98,4.22,CL,1677992209
156,melfi,40.9965,15.6514,5.83,92,60,1.74,IT,1677992211
157,sao filipe,14.8961,-24.4956,21.69,71,68,3.73,CV,1677992212
158,oistins,13.0667,-59.5333,25.05,78,40,7.72,BB,1677991755
159,inuvik,68.3499,-133.7218,-25.44,69,20,2.57,CA,1677992216
160,saint-pierre,-21.3393,55.4781,27.54,78,100,1.54,RE,1677992217
161,vestmannaeyjar,63.4427,-20.2734,2.9,86,67,7.68,IS,1677992219
162,victoria,22.2855,114.1577,24.42,39,0,0.89,HK,1677992071
163,lompoc,34.6391,-120.4579,10.47,86,100,2.06,US,1677992221
164,vaini,-21.2,-175.2,30.09,79,75,8.23,TO,1677992222
165,port elizabeth,-33.918,25.5701,21.29,99,99,0.45,ZA,1677992224
166,cherskiy,68.75,161.3,-29.07,91,94,1.8,RU,1677992226
167,krasnogorsk,55.8225,37.3181,-2.81,86,40,7.0,RU,1677992228
168,bongandanga,1.5,21.05,23.89,63,88,1.47,CD,1677992229
169,udachnyy,66.4167,112.4,-16.42,70,100,7.48,RU,1677992232
170,sao joao da barra,-21.6403,-41.0511,23.65,88,93,5.51,BR,1677991967
171,victor harbor,-35.5667,138.6167,23.01,58,69,8.19,AU,1677992235
172,trincomalee,8.5711,81.2335,27.07,78,90,5.57,LK,1677992236
173,skjervoy,70.0311,20.9714,-3.0,70,100,9.84,NO,1677992238
174,vardo,70.3705,31.1107,-4.01,86,100,8.75,NO,1677992240
175,jalu,29.0331,21.5482,12.88,82,12,4.92,LY,1677992241
176,verkhnebakanskiy,44.8492,37.6572,6.46,92,100,7.76,RU,1677992243
177,atar,20.5169,-13.0499,20.47,29,23,4.16,MR,1677992244
178,northam,51.0333,-4.2167,4.23,73,91,0.71,GB,1677992245
179,kahului,20.8947,-156.47,22.69,87,75,7.72,US,1677992247
180,jatibonico,21.9419,-79.17,21.94,82,7,1.48,CU,1677992248
181,barabinsk,55.3571,78.357,-6.89,93,100,5.31,RU,1677992250
182,plettenberg bay,-34.0527,23.3716,19.04,95,85,1.05,ZA,1677992251
183,shulan,44.4167,126.95,12.12,27,0,8.3,CN,1677992253
184,hasaki,35.7333,140.8333,13.22,62,100,6.18,JP,1677992254
185,cabo san lucas,22.8909,-109.9124,17.01,65,0,4.31,MX,1677992255
186,krasnovishersk,60.4078,57.082,-4.93,95,100,2.22,RU,1677992257
187,bagan,54.1001,77.6646,-6.81,88,100,5.06,RU,1677992258
188,jagatsinghapur,20.2667,86.1667,31.2,17,0,2.05,IN,1677992260
189,araouane,18.9048,-3.5265,22.81,10,100,3.51,ML,1677992262
190,kristiansund,63.1115,7.732,-0.64,93,100,5.66,NO,1677992265
191,pandan,14.0453,124.1694,24.62,79,97,8.9,PH,1677992266
192,shimanovsk,52.0,127.7,3.48,83,87,3.43,RU,1677992268
193,geraldton,-28.7667,114.6,28.23,44,0,7.2,AU,1677992120
194,port hawkesbury,45.6169,-61.3485,-5.23,87,20,3.09,CA,1677992271
195,aban,56.67,96.06,-7.45,81,98,5.19,RU,1677992273
196,hobyo,5.3505,48.5268,26.85,73,94,8.34,SO,1677992274
197,loubomo,-4.1997,12.6739,21.38,98,100,1.0,CG,1677992275
198,tiksi,71.6872,128.8694,-16.83,94,100,1.51,RU,1677992277
199,zlotow,53.3635,17.0408,-0.96,68,57,3.23,PL,1677992278
200,mezhdurechensk,53.6942,88.0603,-3.89,79,100,1.74,RU,1677992280
201,zabaykalsk,49.6333,117.3167,-0.51,73,31,7.68,RU,1677992282
202,danjiangkou,32.5428,111.5086,23.59,23,0,2.08,CN,1677992284
203,yerbogachen,61.2767,108.0108,-9.64,84,97,6.33,RU,1677992285
204,medicine hat,50.0501,-110.6683,-7.38,90,100,6.69,CA,1677992119
205,estevan,49.1334,-102.9842,-9.81,85,0,3.6,CA,1677992055
206,carutapera,-1.195,-46.02,24.21,95,72,1.81,BR,1677991998
207,mangaratiba,-22.9597,-44.0406,24.48,88,100,3.69,BR,1677992290
208,gibara,21.1097,-76.1317,24.62,85,99,3.84,CU,1677992038
209,korem,12.5058,39.5228,12.91,73,61,2.07,ET,1677992292
210,cape town,-33.9258,18.4232,18.95,95,75,5.14,ZA,1677991919
211,morococha,-11.5997,-76.1411,3.32,91,100,2.18,PE,1677992295
212,bonavista,48.6499,-53.1147,-7.98,91,100,7.31,CA,1677991706
213,bambous virieux,-20.3428,57.7575,25.12,100,75,0.0,MU,1677992298
214,murgab,37.4966,61.9714,14.93,38,0,3.09,TM,1677992299
215,kathu,7.9178,98.3332,29.9,62,38,5.65,TH,1677992301
216,kokoda,-8.8785,147.7407,28.72,74,97,0.49,PG,1677992302
217,bonthe,7.5264,-12.505,24.77,93,16,1.51,SL,1677991756
218,touros,-5.1989,-35.4608,25.84,82,63,4.98,BR,1677992304
219,ferme-neuve,46.7001,-75.4493,-10.74,100,70,0.38,CA,1677992306
220,kumeny,58.1089,49.9161,-5.12,96,100,3.21,RU,1677992307
221,olafsvik,64.8945,-23.7142,4.6,85,60,1.48,IS,1677992309
222,camacha,33.0833,-16.3333,14.68,88,75,3.6,PT,1677992310
223,rosarito,32.3333,-117.0333,11.93,68,55,2.33,MX,1677992202
224,ongandjera,-17.8833,15.0667,17.7,39,20,2.25,NA,1677992315
225,faanui,-16.4833,-151.75,28.37,68,85,5.4,PF,1677992316
226,laguna,38.421,-121.4238,8.2,76,0,5.14,US,1677992318
227,buala,-8.145,159.5921,28.06,74,93,4.61,SB,1677992319
228,moerai,-22.4333,-151.3333,27.73,73,97,7.09,PF,1677992321
229,arraial do cabo,-22.9661,-42.0278,23.87,86,100,6.56,BR,1677992322
230,gravdal,68.1214,13.5031,-2.24,73,99,12.14,NO,1677992325
231,lodja,-3.4833,23.4333,21.98,86,73,0.96,CD,1677992326
232,hearst,49.6835,-83.6665,-2.86,98,100,1.01,CA,1677992327
233,berlevag,70.8578,29.0864,-4.03,54,100,7.2,NO,1677992329
234,redmond,47.674,-122.1215,5.48,86,100,1.64,US,1677992160
235,wabrzezno,53.2799,18.9477,-2.09,72,90,4.42,PL,1677992331
236,bengkulu,-3.8004,102.2655,28.44,66,42,3.42,ID,1677992333
237,luang prabang,19.8856,102.1347,24.98,53,75,1.03,LA,1677992334
238,mattru,7.6244,-11.8332,23.65,97,28,0.71,SL,1677992335
239,faya,18.3851,42.4509,14.06,34,9,2.51,SA,1677992337
240,anloga,5.7947,0.8973,27.57,81,81,4.56,GH,1677992338
241,port hardy,50.6996,-127.4199,6.0,70,75,3.09,CA,1677992340
242,constitucion,-35.3333,-72.4167,16.75,48,0,4.32,CL,1677992341
243,weligama,5.9667,80.4167,30.02,60,83,5.59,LK,1677992342
244,la ronge,55.1001,-105.2842,-20.86,65,0,2.57,CA,1677992344
245,isla mujeres,21.2311,-86.731,25.65,79,19,5.91,MX,1677992345
246,pitimbu,-7.4706,-34.8086,26.33,77,73,3.93,BR,1677992347
247,afyonkarahisar,38.75,30.6667,6.11,82,100,2.1,TR,1677992348
248,karatau,43.1667,70.4667,15.68,41,100,9.68,KZ,1677992349
249,turkan,40.3639,50.215,6.1,93,0,4.12,AZ,1677992351
250,den helder,52.9599,4.7593,3.99,83,75,3.13,NL,1677992352
251,goderich,43.7501,-81.7165,3.18,70,100,3.6,CA,1677992354
252,traralgon,-38.1833,146.5333,33.69,15,25,3.49,AU,1677992356
253,amposta,40.7131,0.581,5.13,63,0,2.29,ES,1677992358
254,farmington,36.7281,-108.2187,5.43,44,40,0.89,US,1677991900
255,devils lake,48.1128,-98.8651,-11.01,92,0,1.54,US,1677992360
256,mahibadhoo,3.7833,72.9667,27.7,74,82,5.08,MV,1677992362
257,orasu nou,47.8333,23.2833,-1.42,87,97,0.86,RO,1677992363
258,amapa,1.0,-52.0,21.33,99,96,0.7,BR,1677992364
259,talladega,33.4359,-86.1058,12.16,93,0,0.0,US,1677992366
260,tateyama,34.9833,139.8667,12.28,70,100,7.57,JP,1677992367
261,hamilton,39.1834,-84.5333,8.15,69,0,0.45,US,1677992369
262,marawi,7.9986,124.2928,26.41,63,13,3.56,PH,1677992370
263,moroni,-11.7022,43.2551,27.92,78,100,5.72,KM,1677992371
264,buritis,-15.6178,-46.4233,19.94,58,4,0.76,BR,1677992114
265,dickinson,29.4608,-95.0513,17.75,85,0,1.54,US,1677992374
266,alofi,-19.0595,-169.9187,28.94,79,100,3.6,NU,1677992376
267,fairbanks,64.8378,-147.7164,-16.77,70,0,1.54,US,1677992377
268,los zacatones,22.95,-102.05,13.68,12,100,1.75,MX,1677992378
269,necochea,-38.5473,-58.7368,13.48,83,4,4.42,AR,1677992141
270,bergerac,44.8333,0.5,2.15,93,0,0.0,FR,1677992383
271,saldanha,-33.0117,17.9442,16.03,94,1,3.21,ZA,1677992385
272,fujin,47.26,132.0322,2.67,95,4,4.32,CN,1677992386
273,irbil,36.1926,44.0106,14.9,58,8,4.12,IQ,1677992247
274,taoudenni,22.6783,-3.9836,21.38,19,86,4.38,ML,1677992390
275,markova,48.6758,24.4138,-2.58,95,78,1.03,UA,1677992391
276,muriwai beach,-36.8167,174.45,21.9,65,0,4.25,NZ,1677992393
277,sholapur,17.6833,75.9167,30.81,23,0,4.45,IN,1677992394
278,bangkalan,-7.0455,112.7351,30.97,65,88,2.41,ID,1677992395
279,mitu,1.1983,-70.1733,22.65,100,100,1.0,CO,1677992398
280,shirokiy,49.758,129.523,1.83,97,100,4.22,RU,1677992399
281,clyde river,70.4692,-68.5914,-17.87,78,100,2.06,CA,1677992401
282,inhambane,-23.865,35.3833,25.04,88,42,5.48,MZ,1677992402
283,petropavlovsk-kamchatskiy,53.0452,158.6483,-7.67,45,0,6.0,RU,1677992158
284,muros,42.7762,-9.0603,3.24,92,31,3.27,ES,1677992405
285,graaff-reinet,-32.2522,24.5308,18.29,95,97,2.2,ZA,1677992409
286,brattvag,62.6002,6.4434,1.27,60,100,4.12,NO,1677992412
287,acajutla,13.5928,-89.8275,24.95,78,20,2.01,SV,1677992120
288,khani,41.9563,42.9566,2.76,93,100,0.77,GE,1677992415
289,doha,25.2867,51.5333,23.99,44,0,1.03,QA,1677992273
290,los llanos de aridane,28.6585,-17.9182,14.86,72,0,3.6,ES,1677992419
291,poum,-20.2333,164.0167,26.87,77,33,5.33,NC,1677992420
292,longyearbyen,78.2186,15.6401,-19.09,60,75,7.72,SJ,1677992422
293,shieli,44.1667,66.75,12.33,65,100,5.34,KZ,1677992424
294,sangar,63.9242,127.4739,-14.95,90,100,1.69,RU,1677992425
295,gat,31.61,34.7642,17.66,35,5,2.98,IL,1677992404
296,maine-soroa,13.2114,12.0241,25.88,15,2,4.45,NE,1677992428
297,quthing,-30.4,27.7003,17.89,69,0,1.26,LS,1677992429
298,muyezerskiy,63.9333,31.65,-16.27,98,96,1.96,RU,1677992431
299,ponta delgada,37.7333,-25.6667,16.4,88,75,10.8,PT,1677992293
300,kysyl-syr,63.8986,122.7617,-10.61,90,100,3.84,RU,1677992433
301,iacu,-12.7672,-40.2117,20.61,92,10,0.57,BR,1677992435
302,vestmanna,62.1564,-7.1664,1.51,80,100,2.57,FO,1677992436
303,pacific grove,36.6177,-121.9166,8.57,89,100,1.54,US,1677992410
304,yantal,56.8471,105.2542,-8.11,85,100,5.48,RU,1677992439
305,cayenne,4.9333,-52.3333,25.02,88,75,3.09,GF,1677992440
306,schattdorf,46.8655,8.6547,2.61,82,76,0.65,CH,1677992442
307,tamayo,18.3947,-71.2029,21.03,84,1,0.46,DO,1677992443
308,evensk,61.95,159.2333,-24.78,95,100,1.36,RU,1677992445
309,santa cruz,-17.8,-63.1667,23.7,94,75,2.06,BO,1677992447
310,las palmas,28.4204,-14.0131,14.44,82,0,3.09,ES,1677992448
311,matagami,49.7502,-77.6328,-2.94,68,100,2.06,CA,1677992449
312,ranong,9.9658,98.6348,30.96,49,45,4.26,TH,1677992451
313,tautira,-17.7333,-149.15,26.81,78,100,7.21,PF,1677992452
314,kapoeta,4.7717,33.5903,29.43,33,86,9.89,SS,1677992454
315,toora-khem,52.4675,96.11,-4.01,74,99,0.83,RU,1677992456
316,gnjilane,42.4604,21.4699,5.64,91,100,2.23,XK,1677992457
317,soyo,-6.1349,12.3689,25.03,87,99,3.25,AO,1677992459
318,selizharovo,56.8519,33.4487,-5.66,97,100,2.29,RU,1677992461
319,kadoshkino,54.0257,44.4191,-2.64,87,99,7.7,RU,1677992462
320,sokoto,13.0609,5.239,25.56,18,1,2.58,NG,1677992428
321,salalah,17.0151,54.0924,26.91,36,0,1.42,OM,1677992465
322,kawalu,-7.3817,108.2082,31.18,52,92,1.22,ID,1677992468
323,ambon,-3.6954,128.1814,32.08,58,40,4.12,ID,1677992458
324,azad shahr,34.7909,48.5707,1.27,64,0,1.03,IR,1677992471
325,nemuro,43.3236,145.575,0.47,71,6,5.75,JP,1677992472
326,caravelas,-17.7125,-39.2481,23.49,87,100,0.92,BR,1677992473
327,uniao,-4.5858,-42.8642,22.81,98,100,1.12,BR,1677992475
328,santa maria,-29.6842,-53.8069,19.81,98,2,1.36,BR,1677992476
329,kijang,35.2442,129.2139,15.85,53,8,3.5,KR,1677992478
330,baykit,61.67,96.37,-13.16,84,97,4.91,RU,1677992479
331,tucupita,9.0622,-62.051,20.33,99,95,1.33,VE,1677992434
332,padang,-0.9492,100.3543,30.03,63,42,2.44,ID,1677992171
333,brufut,13.3814,-16.7518,19.05,94,0,2.06,GM,1677992483
334,tomatlan,19.9333,-105.25,17.31,90,98,0.68,MX,1677992484
335,leningradskiy,69.3833,178.4167,-25.83,95,100,1.81,RU,1677992486
336,harper,4.375,-7.7169,26.27,86,70,0.79,LR,1677992487
337,riyadh,24.6877,46.7219,18.08,22,16,2.65,SA,1677992490
338,kirakira,-10.4544,161.9205,28.64,70,97,5.45,SB,1677992491
339,vohibinany,-17.35,49.0333,24.76,80,100,1.35,MG,1677992492
340,sola,-13.8833,167.55,27.4,77,86,8.67,VU,1677992494
341,kologriv,58.8275,44.3178,-8.37,98,100,2.45,RU,1677992495
342,rong kwang,18.339,100.3174,26.71,27,0,0.46,TH,1677992497
343,aberdeen,57.1437,-2.0981,3.27,88,100,4.12,GB,1677991848
344,barra patuca,15.8,-84.2833,24.44,84,24,3.85,HN,1677992499
345,turhal,40.3875,36.0811,9.68,88,100,1.78,TR,1677992501
346,baltiysk,54.6538,19.911,0.5,53,79,8.82,RU,1677992502
347,byron bay,-28.65,153.6167,28.3,59,20,3.86,AU,1677992504
348,chenghai,23.4632,116.768,21.95,26,0,2.0,CN,1677992505
349,misratah,32.3754,15.0925,13.6,48,68,6.25,LY,1677992507
350,yeppoon,-23.1333,150.7333,30.88,60,12,6.54,AU,1677992510
351,bemidji,47.4736,-94.8803,-4.95,76,0,2.57,US,1677992416
352,ararat,39.8317,44.7049,9.19,49,96,2.3,AM,1677992513
353,grajau,-5.8194,-46.1386,22.39,97,99,0.77,BR,1677992514
354,iseyin,7.9667,3.6,25.12,81,97,2.11,NG,1677992516
355,coihaique,-45.5752,-72.0662,9.97,100,75,4.12,CL,1677992517
356,macau,22.2006,113.5461,26.59,49,0,3.09,MO,1677992430
357,vila franca do campo,37.7167,-25.4333,16.23,95,100,9.97,PT,1677992520
358,yuyao,30.05,121.1494,18.87,29,1,0.82,CN,1677992521
359,narsaq,60.9167,-46.05,9.12,72,89,4.0,GL,1677992523
360,maningrida,-12.0667,134.2667,32.74,49,53,7.07,AU,1677992524
361,suntar,62.1444,117.6319,-8.69,85,92,5.08,RU,1677992526
362,namibe,-15.1961,12.1522,19.21,81,5,2.66,AO,1677992528
363,bakel,14.905,-12.4568,24.96,13,27,3.46,SN,1677992530
364,korla,41.7597,86.1469,9.54,39,10,2.72,CN,1677992433
365,sur,22.5667,59.5289,27.44,43,1,1.02,OM,1677992532
366,sterlitamak,53.6246,55.9502,-1.18,92,99,6.19,RU,1677992534
367,san andres,12.5847,-81.7006,26.01,83,20,5.14,CO,1677992416
368,selkirk,50.1436,-96.8845,-3.96,100,53,1.79,CA,1677992537
369,ostrovnoy,68.0531,39.5131,-12.52,82,100,3.4,RU,1677992538
370,svirstroy,60.7999,33.7248,-7.58,96,97,2.08,RU,1677992539
371,guerrero negro,27.9769,-114.0611,13.65,77,60,7.21,MX,1677992531
372,ati,13.2154,18.3353,23.98,12,7,4.42,TD,1677992542
373,khatanga,71.9667,102.5,-21.78,96,100,3.85,RU,1677992543
374,naze,28.3667,129.4833,18.51,50,8,5.15,JP,1677992545
375,novobirilyussy,56.9514,90.6661,-5.89,85,99,4.09,RU,1677992547
376,athabasca,54.7169,-113.2854,-15.77,96,83,1.89,CA,1677992548
377,vanavara,60.34,102.2797,-10.22,87,100,5.36,RU,1677992550
378,flinders,-34.5833,150.8552,26.81,78,16,4.95,AU,1677992551
379,bahia blanca,-38.7196,-62.2724,21.27,37,5,2.87,AR,1677992416
380,kavieng,-2.5744,150.7967,25.82,82,100,2.55,PG,1677992553
381,palu,-0.8917,119.8707,27.43,84,100,2.4,ID,1677992555
382,miyazu,35.5333,135.1833,9.11,55,90,3.47,JP,1677992556
383,divinopolis,-20.1389,-44.8839,19.23,86,87,0.6,BR,1677992526
384,bojnurd,37.4747,57.329,11.97,47,40,1.03,IR,1677992559
385,mount isa,-20.7333,139.5,30.87,51,40,6.69,AU,1677992560
386,conakry,9.538,-13.6773,25.31,65,4,3.16,GN,1677992411
387,disna,55.568,28.1971,-2.6,95,100,4.4,BY,1677992563
388,erzin,36.9559,36.2,13.53,60,100,1.3,TR,1677992564
389,rey bouba,8.6724,14.1786,26.63,30,12,0.64,CM,1677992566
390,lebu,-37.6167,-73.65,13.47,73,0,6.26,CL,1677992567
391,bourail,-21.5667,165.4833,25.25,78,89,5.49,NC,1677992569
392,aksarka,66.5606,67.7975,-26.33,100,81,2.1,RU,1677992570
393,quatre cocos,-20.2078,57.7625,25.61,96,100,4.13,MU,1677992571
394,redlands,34.0556,-117.1825,9.69,83,100,2.57,US,1677992573
395,qandala,11.472,49.8728,26.07,59,2,3.39,SO,1677992574
396,port blair,11.6667,92.75,30.02,70,40,3.6,IN,1677992576
397,svetlyy,54.675,20.1347,0.54,54,92,6.77,RU,1677992577
398,tommot,58.9564,126.2925,-5.79,80,100,5.0,RU,1677992580
399,vila velha,-20.3297,-40.2925,23.97,91,20,1.54,BR,1677992290
400,kununurra,-15.7667,128.7333,34.99,52,75,3.09,AU,1677992583
401,richards bay,-28.783,32.0377,23.38,88,87,3.03,ZA,1677992584
402,nyurba,63.2842,118.3319,-10.65,87,100,5.14,RU,1677992585
403,biak,-0.9131,122.8766,28.84,65,100,0.81,ID,1677992587
404,qui nhon,13.7667,109.2333,24.2,69,46,7.57,VN,1677992588
405,yar-sale,66.8333,70.8333,-28.2,99,60,2.26,RU,1677992590
406,cabedelo,-6.9811,-34.8339,26.37,79,63,4.5,BR,1677992466
407,grand baie,-20.0182,57.5802,25.81,87,100,1.34,MU,1677992592
408,puerto del rosario,28.5004,-13.8627,15.86,82,0,3.09,ES,1677992422
409,gizo,-8.103,156.8419,27.04,83,86,7.67,SB,1677992595
410,kungurtug,50.5994,97.5228,-3.81,70,68,0.88,RU,1677992596
411,zalantun,48.0,122.7167,10.38,24,88,5.87,CN,1677992598
412,olga,43.7444,135.2892,5.45,62,0,2.14,RU,1677992600
413,palmerston north,-40.35,175.6167,18.21,76,92,4.44,NZ,1677992601
414,khash,28.2211,61.2158,16.77,41,3,1.49,IR,1677992602
415,mount pleasant,32.7941,-79.8626,17.22,76,0,4.63,US,1677991785
416,murindo,6.9848,-76.7544,24.12,98,98,0.97,CO,1677992605
417,minot,48.2325,-101.2963,-3.88,80,0,4.12,US,1677992400
418,mackay,-21.15,149.2,31.49,69,5,4.64,AU,1677992432
419,ares,-6.1944,-35.1603,26.05,82,49,3.41,BR,1677992609
420,praia da vitoria,38.7333,-27.0667,15.42,94,75,13.6,PT,1677992610
421,kombissiri,12.0656,-1.3375,23.99,13,3,3.57,BF,1677992612
422,dingle,10.9995,122.6711,27.2,74,74,7.32,PH,1677992613
423,hami,42.8,93.45,11.43,22,96,0.96,CN,1677992615
424,havre-saint-pierre,50.2334,-63.5986,-7.0,56,0,6.69,CA,1677992616
425,port macquarie,-31.4333,152.9167,27.72,60,0,5.47,AU,1677992619
426,changji,44.0167,87.3167,3.44,60,16,1.0,CN,1677992620
427,gornopravdinsk,60.05,69.9,-8.54,93,100,3.17,RU,1677992622
428,epe,6.5841,3.9834,24.89,90,97,0.42,NG,1677992624
429,antofagasta,-23.65,-70.4,19.6,86,94,0.57,CL,1677992164
430,itzehoe,53.921,9.5153,1.33,89,100,4.47,DE,1677992627
431,weener,53.1667,7.35,2.2,95,100,4.52,DE,1677992628
432,qasigiannguit,68.8193,-51.1922,-1.86,86,20,1.67,GL,1677992630
433,nyandoma,61.669,40.1991,-17.03,99,98,2.98,RU,1677992631
434,challapata,-18.9,-66.7667,11.11,64,99,3.76,BO,1677992632
435,the valley,18.217,-63.0578,25.05,75,0,7.78,AI,1677992634
436,latung,5.5,120.8833,27.51,76,55,4.78,PH,1677992635
437,pucallpa,-8.3791,-74.5539,22.78,94,98,0.54,PE,1677992637
438,ridgecrest,35.6225,-117.6709,8.14,48,0,6.26,US,1677992417
439,snezhnogorsk,69.1933,33.2531,-17.12,99,100,0.79,RU,1677992639
440,cordoba,-31.4135,-64.1811,22.33,83,0,3.09,AR,1677992255
441,beloha,-25.1667,45.05,21.41,94,100,6.38,MG,1677992642
442,raga,8.4596,25.678,21.31,20,6,1.58,SS,1677992643
443,pimentel,-6.8367,-79.9342,25.16,69,75,4.63,PE,1677992645
444,madarounfa,13.3087,7.156,24.84,15,0,3.18,NE,1677992646
445,makakilo city,21.3469,-158.0858,22.18,74,0,4.12,US,1677992648
446,kloulklubed,7.0419,134.2556,29.28,73,71,5.54,PW,1677992649
447,jumilla,38.4792,-1.325,3.07,79,47,1.01,ES,1677992651
448,broken hill,-31.95,141.4333,35.23,11,0,7.7,AU,1677992652
449,altay,47.8667,88.1167,0.14,78,63,1.15,CN,1677992653
450,huarmey,-10.0681,-78.1522,23.39,80,100,2.0,PE,1677992655
451,jyvaskyla,62.2415,25.7209,-3.92,85,100,2.06,FI,1677992357
452,grants,35.1473,-107.8514,3.13,22,0,2.57,US,1677992657
453,pangkalanbuun,-2.6833,111.6167,32.16,50,100,2.39,ID,1677992659
454,mildura,-34.2,142.15,35.04,21,11,6.97,AU,1677992660
455,coquimbo,-29.9533,-71.3436,16.85,94,100,1.03,CL,1677992104
456,przhevalskoye,55.5093,31.8482,-5.92,97,96,2.31,RU,1677992663
457,payyannur,12.1,75.2,31.76,30,0,1.23,IN,1677992664
458,parlakimidi,18.7667,84.0833,35.57,15,1,0.75,IN,1677992666
459,banjar,-8.19,114.9675,29.15,72,79,3.05,ID,1677992667
460,casablanca,33.5928,-7.6192,8.01,76,32,2.09,MA,1677992173
461,samarai,-10.6167,150.6667,27.0,76,100,6.0,PG,1677992673
462,mudgee,-32.5943,149.5871,32.1,27,36,3.77,AU,1677992674
463,kushmurun,52.4503,64.6311,-3.86,96,100,6.53,KZ,1677992676
464,konya,38.1667,32.5,3.71,79,99,1.0,TR,1677992677
465,cidreira,-30.1811,-50.2056,21.95,95,100,3.38,BR,1677992678
466,bima,-8.4667,118.7167,30.82,61,86,2.72,ID,1677992680
467,mungaa,-4.9667,34.8833,15.61,87,60,2.25,TZ,1677992681
468,deputatskiy,69.3,139.9,-28.03,97,100,1.39,RU,1677992405
469,gidole,5.65,37.3667,17.84,42,67,2.11,ET,1677992684
470,garachine,8.0647,-78.3628,24.78,86,80,2.74,PA,1677992685
471,sechura,-5.5569,-80.8222,25.71,69,97,1.67,PE,1677992687
472,alushta,44.6667,34.4167,7.61,83,32,3.78,UA,1677992689
473,port augusta,-32.5,137.7667,32.37,16,86,6.38,AU,1677992691
474,neya,58.2972,43.8681,-6.45,96,100,3.38,RU,1677992693
475,hailey,43.5196,-114.3153,-5.08,85,100,0.0,US,1677992694
476,chumikan,54.7183,135.315,2.57,77,41,11.85,RU,1677992695
477,mantua,45.1667,10.7833,4.58,82,5,1.59,IT,1677992697
478,nieuwkoop,52.1508,4.7764,4.47,92,40,1.54,NL,1677992698
479,derzhavinsk,51.1,66.3167,-4.12,94,100,3.71,KZ,1677992700
480,lalmohan,22.3384,90.7419,29.38,39,0,2.09,BD,1677992701
481,stornoway,58.2093,-6.3865,3.85,79,100,3.62,GB,1677992704
482,oriximina,-1.7656,-55.8661,23.08,97,86,1.18,BR,1677992706
483,lincoln,40.8,-96.667,4.59,65,85,2.24,US,1677992442
484,bay roberts,47.5999,-53.2648,-8.14,78,93,1.79,CA,1677992709
485,ambovombe,-25.1667,46.0833,21.99,94,100,4.07,MG,1677992710
486,boquira,-12.8231,-42.7306,21.89,66,63,1.92,BR,1677992697
487,parkes,-33.1333,148.1833,34.08,21,73,2.68,AU,1677992713
488,tukrah,32.5341,20.5791,14.18,65,86,5.39,LY,1677992714
489,kashmor,28.4333,69.5833,27.19,32,0,3.85,PK,1677992716
490,neiafu,-18.65,-173.9833,30.38,74,20,5.14,TO,1677992476
491,kankon,15.0167,74.0167,28.89,30,0,2.19,IN,1677992719
492,kleive,62.7954,7.6359,0.18,86,100,4.63,NO,1677992720
493,auki,-8.7676,160.7034,27.7,75,99,4.61,SB,1677992721
494,egvekinot,66.3167,-179.1667,-16.05,96,100,6.08,RU,1677992723
495,uva,56.9908,52.1852,-3.1,97,99,2.58,RU,1677992726
496,chalus,36.655,51.4204,11.7,87,100,3.09,IR,1677992727
497,parintins,-2.6283,-56.7358,22.91,98,99,1.32,BR,1677992729
498,winslow,35.0242,-110.6974,6.1,39,0,2.57,US,1677992420
499,bairiki,1.3292,172.9752,30.0,74,20,2.57,KI,1677992731
500,bucksport,44.5737,-68.7956,-1.85,93,100,1.26,US,1677992733
501,krasnyy oktyabr,56.1167,38.8833,-4.24,96,100,4.29,RU,1677992734
502,pocone,-16.2567,-56.6228,24.78,73,89,0.81,BR,1677992736
503,dukat,62.55,155.55,-26.84,90,41,1.84,RU,1677992737
504,tahoua,14.8888,5.2692,27.99,9,0,3.09,NE,1677992739
505,samana,19.2056,-69.3369,22.5,87,1,2.03,DO,1677992741
506,purpe,64.4803,76.6897,-21.84,99,85,2.81,RU,1677992743
507,merauke,-8.4667,140.3333,28.52,75,87,7.73,ID,1677992744
508,mao,39.8885,4.2658,6.31,93,0,2.06,ES,1677992745
509,perelyub,51.8667,50.3667,-1.27,90,100,8.38,RU,1677992747
510,mankera,31.3866,71.4407,25.04,30,0,2.45,PK,1677992748
511,francisco sa,-16.4758,-43.4883,21.08,77,3,2.77,BR,1677992750
512,okhotsk,59.3833,143.3,-18.21,93,100,1.77,RU,1677992560
513,chiang klang,19.2938,100.8617,32.62,31,0,1.43,TH,1677992754
514,kajaani,64.2273,27.7285,-11.97,85,0,3.09,FI,1677992756
515,jumla,29.2747,82.1838,14.85,26,0,2.47,NP,1677992484
516,nelson bay,-32.7167,152.15,29.03,68,0,9.39,AU,1677992760
517,totskoye,52.5248,52.7623,-1.77,89,100,7.45,RU,1677992761
518,pacifica,37.6138,-122.4869,8.92,80,20,4.12,US,1677992747
519,altamira,-3.2033,-52.2064,21.5,99,99,0.57,BR,1677992764
520,bouna,9.2667,-3.0,23.3,79,44,2.22,CI,1677992765
521,gokak,16.1667,74.8333,30.41,22,0,5.73,IN,1677992766
522,fort nelson,58.8053,-122.7002,-19.23,78,20,2.57,CA,1677992768
523,aginskoye,51.1,114.53,1.8,35,98,10.79,RU,1677992769
524,mecca,21.4267,39.8261,26.42,54,47,1.97,SA,1677992770
525,lukulu,-14.3707,23.242,18.36,95,75,2.05,ZM,1677992772
526,bambanglipuro,-7.95,110.2833,29.44,67,61,5.21,ID,1677992773
527,tursunzoda,38.5144,68.2333,18.49,32,100,2.67,TJ,1677992775
528,george,-33.963,22.4617,18.75,100,75,1.03,ZA,1677992273
529,westport,41.1415,-73.3579,4.75,80,100,2.06,US,1677992777
530,nome,64.5011,-165.4064,-4.35,96,100,9.33,US,1677992528
531,mitsamiouli,-11.3847,43.2844,28.07,79,100,6.26,KM,1677992780
532,progreso,21.2833,-89.6667,26.06,90,3,2.37,MX,1677992781
533,caranavi,-15.8167,-67.55,18.35,99,100,0.78,BO,1677992784
534,qinhuangdao,39.9317,119.5883,10.39,51,3,4.29,CN,1677992785
535,miri,4.4148,114.0089,30.08,74,40,2.06,MY,1677992787
536,iskateley,67.6803,53.1512,-16.99,97,100,4.68,RU,1677992788
537,pujali,22.4653,88.1517,32.97,17,0,3.12,IN,1677992790
538,leua,48.2156,18.6071,3.61,85,70,4.72,SK,1677992791
539,wasilla,61.5814,-149.4394,-9.55,58,0,2.57,US,1677991966
540,parana,-31.732,-60.5238,26.95,89,1,3.12,AR,1677992462
541,mandurah,-32.55,115.7,23.28,54,0,8.48,AU,1677992795
542,port-cartier,50.0334,-66.8654,-8.88,91,61,2.87,CA,1677992796
543,waipawa,-41.4122,175.5153,12.17,85,100,3.97,NZ,1677992773
544,port lincoln,-34.7333,135.8667,20.35,72,64,9.53,AU,1677992799
545,husavik,66.0449,-17.3389,-1.19,94,100,6.3,IS,1677992800
546,gombong,-7.6072,109.5142,30.8,59,94,2.7,ID,1677992801
547,chicama,-7.8447,-79.1469,22.3,71,100,1.49,PE,1677992803
548,codrington,-38.2667,141.9667,21.48,51,52,3.2,AU,1677992804
549,sakaide,34.3167,133.85,16.57,49,3,2.4,JP,1677992806
550,honiara,-9.4333,159.95,29.59,65,92,4.75,SB,1677992751
551,bilibino,68.0546,166.4372,-22.76,99,100,1.02,RU,1677992810
552,mizdah,31.4451,12.9801,8.13,44,29,4.14,LY,1677992812
553,manaure,11.7751,-72.4445,24.77,80,5,3.66,CO,1677992813
554,luau,-10.7073,22.2247,18.4,98,100,0.56,AO,1677992815
555,drovyanaya,51.5833,113.0333,0.46,42,99,6.42,RU,1677992816
556,saint-augustin,51.226,-58.6502,-8.53,91,100,7.09,CA,1677992818
557,paraibano,-6.4331,-43.9836,21.93,95,77,1.24,BR,1677992819
558,funadhoo,6.15,73.2667,27.39,77,47,8.58,MV,1677992820
559,murnau,48.2302,12.2943,0.61,85,100,3.23,DE,1677992822
560,dalby,-27.1833,151.2667,31.87,25,0,4.69,AU,1677992648
561,khandyga,62.6667,135.6,-12.16,89,100,2.56,RU,1677992825
562,tessalit,20.1986,1.0114,20.81,11,81,3.3,ML,1677992826
563,fortuna,40.5982,-124.1573,5.19,94,100,8.75,US,1677992827
564,turukhansk,65.8167,87.9833,-17.82,92,100,5.59,RU,1677992829
565,mana,5.6592,-53.7767,24.46,89,67,3.78,GF,1677992830
566,talaya,61.3833,152.75,-21.42,91,100,1.09,RU,1677992832
567,whitehorse,60.7161,-135.0538,-14.57,66,100,4.63,CA,1677992582
568,wenling,28.3669,121.36,14.9,53,0,2.43,CN,1677992837
569,roebourne,-20.7833,117.1333,34.89,50,25,6.74,AU,1677992838
570,sapa,5.1544,120.3241,28.11,74,82,5.11,PH,1677992840
571,wellington,-41.2866,174.7756,14.48,94,100,9.26,NZ,1677992776
572,krasnoselkup,65.7,82.4667,-20.66,95,92,3.79,RU,1677992842
573,mountain home,43.133,-115.6912,0.24,94,100,7.2,US,1677992634
574,sitka,57.0531,-135.33,-0.06,51,20,2.57,US,1677992845
575,port moresby,-9.4431,147.1797,29.39,67,100,6.06,PG,1677992846
576,dunedin,-45.8742,170.5036,12.65,62,83,2.65,NZ,1677992848
577,tottori,35.5,134.2333,8.84,59,67,4.01,JP,1677992849
578,manbij,36.5281,37.9549,10.96,65,95,0.86,SY,1677992850
579,san carlos de bariloche,-41.1456,-71.3082,13.86,51,20,5.66,AR,1677992432
580,tuy hoa,13.0833,109.3,24.42,69,67,6.78,VN,1677992855
581,praia,14.9215,-23.5087,21.3,56,0,5.66,CV,1677992625
582,katsuura,35.1333,140.3,11.4,68,100,7.33,JP,1677992857
583,socorro,31.6546,-106.3033,16.6,22,20,2.06,US,1677992858
584,aasiaat,68.7098,-52.8699,-12.85,96,64,3.22,GL,1677992596
585,rocha,-34.4833,-54.3333,19.89,95,22,1.95,UY,1677992862
586,san felipe,10.3399,-68.7425,22.22,96,99,1.72,VE,1677992864
587,lagoa,39.05,-27.9833,13.93,82,100,12.84,PT,1677992865
588,rumoi,43.9344,141.6428,4.4,65,42,6.32,JP,1677992866
589,ossora,59.2353,163.0719,-23.33,88,1,0.52,RU,1677992868
590,longhua,23.6137,114.1919,27.63,20,0,0.74,CN,1677992869
